Workbook

Sheet Entree 1
A1: ENTREE station
A4: Mois | B4: Data | C4: Heure echantillon | D4: Debit entree (m3/jour) | E4: Temperature (ºC) | F4: pH | G4: CE (µSm/cm) | H4: Redox | I4: DBO5 (mg/L) | J4: DCO (mg/L) | K4: MeS (mg/L) | L4: MVS (%) | M4: Nitrates (mgNO3-/l) | N4: Ammonium (mgNH4-/l) | O4: Azot total (mgN/l) | P4: Phosphates (mgPO4-/l) | Q4: Coliformes fécaux (CFU/100ml) | R4: Oeufs helmint | S4: Huiles et graisses | T4: Opération | U4: Observation
A5: Avril | B5: 43564 | E5: 26.7 | F5: 7.56 | G5: 1270 | I5: 575 | J5: 810 | K5: 222 | M5: 20.33 | N5: 20.8 | O5: 100 | P5: 43 | Q5: 30000000 | T5: P1
A6: Avril | B6: 43571 | C6: 20 h 00 | E6: 23.6 | F6: 7.93 | G6: 1324 | H6: -226 | I6: 738 | J6: 1420 | K6: 272 | L6: 68 | M6: 20.33 | N6: 21.6 | O6: 300 | P6: 42 | Q6: 40000000 | R6: 9 Ascaris vivant, 3 Ascaris morts, présence de larves NI | S6: 426 | T6: P1
A7: Avril | B7: 43578 | C7: 19 h 32 | E7: 25.6 | F7: 7.46 | G7: 1722 | H7: -215 | I7: >2000 | J7: 2500 | K7: 778 | M7: 47.44 | N7: 23.3 | O7: 1200 | P7: 42 | Q7: 123000000 | T7: P1
A8: Mai | B8: 43586 | C8: 20 h 25 | E8: 25.5 | F8: 7.97 | G8: 1370 | H8: -250 | I8: 706 | J8: 1330 | K8: 328 | M8: 15.81 | N8: 20 | O8: 130 | P8: 25.8 | Q8: 23300000 | T8: P1
A9: Mai | B9: 43598 | C9: 18 h 42 | E9: 27.4 | F9: 7.84 | G9: 1282 | H9: -224 | T9: P2
A10: Mai | B10: 43608 | C10: 19 h 10 | E10: 26.4 | F10: 7.33 | G10: 1214 | H10: -213 | T10: P2
A11: Mai | B11: 43612 | C11: 18 h 45 | E11: 26.7 | F11: 8.02 | G11: 1163 | H11: -201
A12: Juin | B12: 43633 | C12: 18 h 42 | E12: 28.7 | F12: 7.75 | G12: 1310 | H12: -213
A15: n | F15: =COUNT(F5:F14) -> 8 | G15: =COUNT(G5:G12) -> 8 | H15: =COUNT(H5:H14) -> 7 | I15: =COUNT(I5:I14) -> 3 | J15: =COUNT(J5:J14) -> 4 | K15: =COUNT(K5:K14) -> 4 | L15: =COUNT(L5:L14) -> 1 | M15: =COUNT(M5:M14) -> 4 | N15: =COUNT(N5:N14) -> 4 | O15: =COUNT(O5:O14) -> 4 | ... S15: =COUNT(S5:S14) -> 1
A16: MOYENNE | F16: =AVERAGE(F5:F14) -> 7.7325 | G16: =AVERAGE(G5:G12) -> 1331.875 | H16: =AVERAGE(H5:H14) -> -220.28571 | I16: =AVERAGE(I5:I14) -> 673 | J16: =AVERAGE(J5:J14) -> 1515 | K16: =AVERAGE(K5:K14) -> 400 | L16: =AVERAGE(L5:L14) -> 68 | M16: =AVERAGE(M5:M14) -> 25.9775 | N16: =AVERAGE(N5:N14) -> 21.425 | O16: =AVERAGE(O5:O14) -> 432.5 | ... S16: =AVERAGE(S5:S14) -> 426
A17: MAX | F17: =MAX(F5:F14) -> 8.02 | G17: =MAX(G5:G12) -> 1722 | H17: =MAX(H5:H14) -> -201 | I17: =MAX(I5:I14) -> 738 | J17: =MAX(J5:J14) -> 2500 | K17: =MAX(K5:K14) -> 778 | L17: =MAX(L5:L14) -> 68 | M17: =MAX(M5:M14) -> 47.44 | N17: =MAX(N5:N14) -> 23.3 | O17: =MAX(O5:O14) -> 1200 | ... S17: =MAX(S5:S14) -> 426
A18: MIN | F18: =MIN(F5:F14) -> 7.33 | G18: =MIN(G5:G12) -> 1163 | H18: =MIN(H5:H14) -> -250 | I18: =MIN(I5:I14) -> 575 | J18: =MIN(J5:J14) -> 810 | K18: =MIN(K5:K14) -> 222 | L18: =MIN(L5:L14) -> 68 | M18: =MIN(M5:M14) -> 15.81 | N18: =MIN(N5:N14) -> 20 | O18: =MIN(O5:O14) -> 100 | ... S18: =MIN(S5:S14) -> 426
A19: DS | F19: =STDEV(F5:F14) -> 0.25521699 | G19: =STDEV(G5:G12) -> 170.26067 | H19: =STDEV(H5:H14) -> 15.467323 | I19: =STDEV(I5:I14) -> 86.365502 | J19: =STDEV(J5:J14) -> 709.57734 | K19: =STDEV(K5:K14) -> 255.69252 | L19: =STDEV(L5:L14) -> #DIV/0! | M19: =STDEV(M5:M14) -> 14.466115 | N19: =STDEV(N5:N14) -> 1.4103782 | O19: =STDEV(O5:O14) -> 519.19007 | ... S19: =STDEV(S5:S14) -> #DIV/0!
A20: CV | F20: =F19/F16 -> 0.033005754 | G20: =(G19/G16) -> 0.12783532 | H20: =H19/H16 -> -0.070214828 | I20: =I19/I16 -> 0.12832913 | J20: =J19/J16 -> 0.46836788 | K20: =K19/K16 -> 0.63923131 | L20: =L19/L16 -> #DIV/0! | M20: =M19/M16 -> 0.55687096 | N20: =N19/N16 -> 0.065828621 | O20: =O19/O16 -> 1.2004395 | ... S20: =S19/S16 -> #DIV/0!

Sheet Entree FV1
A1: Entrée FV1
A4: Mois | B4: Data | C4: Heure echantillon /observations | D4: Debit entree (m3/jour) | E4: Temperature (ºC) | F4: pH | G4: CE (µsm/cm) | H4: Redox | I4: DBO5 (mg/L) | J4: DCO (mg/L) | K4: MeS (mg/L) | L4: MVS (%) | M4: Nitrates (mgNO3-/l) | N4: Ammonium (mgNH4-/l) | O4: Azote total (mgN/l) | P4: Phosphates (mgPO4-/l) | Q4: Coliformes fécaux (CFU/100ml) | R4: Oeufs helmint | S4: Huiles et graisses | T4: Opération | U4: Observation
A5: Avril | B5: 43564 | E5: 27.2 | F5: 7.28 | G5: 1267 | I5: 361 | J5: 740 | K5: 242 | M5: 18.07 | N5: 55 | O5: 110 | P5: 69.6 | Q5: 2670000 | T5: P1
A6: Avril | B6: 43571 | C6: 19 h 50 | E6: 26.9 | F6: 7.39 | G6: 1648 | H6: -257 | I6: 597 | J6: 1140 | K6: 220 | L6: 85.5 | M6: 24.85 | N6: 58 | O6: 800 | P6: 41 | Q6: 2670000 | R6: 2 ascaris vivants, présence de larves NI | S6: 237 | T6: P1
A7: Avril | B7: 43578 | C7: 19 h 27 | E7: 26.7 | F7: 7.32 | G7: 1454 | H7: -212 | I7: 597 | J7: 1510 | K7: 300 | M7: 27.1 | N7: 57 | O7: 900 | P7: 58 | Q7: 3330000 | T7: P1
A8: Mai | B8: 43586 | C8: 20 h 16 | E8: 25.9 | F8: 7.59 | G8: 1543 | H8: -295 | I8: 537 | J8: 1360 | K8: 244 | M8: 17.17 | N8: 50 | O8: 150 | P8: 20.4 | Q8: 4000000 | T8: P1
A9: Mai | B9: 43598 | C9: 18 h 38 | E9: 27.4 | F9: 7.35 | G9: 1404 | H9: -237 | T9: P2 | U9: EV1c
A10: Mai | B10: 43608 | C10: 18 h 57 | E10: 27.5 | F10: 7.58 | G10: 1339 | H10: -248 | T10: P2 | U10: EV1a
A11: Mai | B11: 43612 | C11: 18 h 33 | E11: 26.6 | F11: 7.67 | G11: 1283 | H11: -239 | T11: P2 | U11: EV1b
A12: Juin | B12: 43633 | C12: 18 h 33 | E12: 28.6 | F12: 7.59 | G12: 1427 | H12: -244
A15: n | F15: =COUNT(F5:F14) -> 8 | H15: =COUNT(H5:H14) -> 7 | I15: =COUNT(I5:I14) -> 4 | J15: =COUNT(J5:J14) -> 4 | K15: =COUNT(K5:K14) -> 4 | L15: =COUNT(L5:L14) -> 1 | M15: =COUNT(M5:M14) -> 4 | N15: =COUNT(N5:N14) -> 4 | O15: =COUNT(O5:O14) -> 4 | ... S15: =COUNT(S5:S14) -> 1
A16: MOYENNE | F16: =AVERAGE(F5:F14) -> 7.47125 | H16: =AVERAGE(H5:H14) -> -247.42857 | I16: =AVERAGE(I5:I14) -> 523 | J16: =AVERAGE(J5:J14) -> 1187.5 | K16: =AVERAGE(K5:K14) -> 251.5 | L16: =AVERAGE(L5:L14) -> 85.5 | M16: =AVERAGE(M5:M14) -> 21.7975 | N16: =AVERAGE(N5:N14) -> 55 | O16: =AVERAGE(O5:O14) -> 490 | ... S16: =AVERAGE(S5:S14) -> 237
A17: MAX | F17: =MAX(F5:F14) -> 7.67 | H17: =MAX(H5:H14) -> -212 | I17: =MAX(I5:I14) -> 597 | J17: =MAX(J5:J14) -> 1510 | K17: =MAX(K5:K14) -> 300 | L17: =MAX(L5:L14) -> 85.5 | M17: =MAX(M5:M14) -> 27.1 | N17: =MAX(N5:N14) -> 58 | O17: =MAX(O5:O14) -> 900 | ... S17: =MAX(S5:S14) -> 237
A18: MIN | F18: =MIN(F5:F14) -> 7.28 | H18: =MIN(H5:H14) -> -295 | I18: =MIN(I5:I14) -> 361 | J18: =MIN(J5:J14) -> 740 | K18: =MIN(K5:K14) -> 220 | L18: =MIN(L5:L14) -> 85.5 | M18: =MIN(M5:M14) -> 17.17 | N18: =MIN(N5:N14) -> 50 | O18: =MIN(O5:O14) -> 110 | ... S18: =MIN(S5:S14) -> 237
A19: DS | F19: =STDEV(F5:F14) -> 0.15132156 | H19: =STDEV(H5:H14) -> 25.171791 | I19: =STDEV(I5:I14) -> 111.64229 | J19: =STDEV(J5:J14) -> 334.80094 | K19: =STDEV(K5:K14) -> 34.112559 | L19: =STDEV(L5:L14) -> #DIV/0! | M19: =STDEV(M5:M14) -> 4.9241674 | N19: =STDEV(N5:N14) -> 3.5590261 | O19: =STDEV(O5:O14) -> 418.01116 | ... S19: =STDEV(S5:S14) -> #DIV/0!
A20: CV | F20: =F19/F16 -> 0.020253848 | H20: =H19/H16 -> -0.10173357 | I20: =I19/I16 -> 0.21346517 | J20: =J19/J16 -> 0.28193763 | K20: =K19/K16 -> 0.13563642 | L20: =L19/L16 -> #DIV/0! | M20: =M19/M16 -> 0.22590515 | N20: =N19/N16 -> 0.064709565 | O20: =O19/O16 -> 0.85308401 | ... S20: =S19/S16 -> #DIV/0!

Sheet SFV1a
A1: Entrée FV1
A4: Mois | B4: Data | C4: Heure echantillon /observations | D4: Charge hydraulique (cm/jour) | E4: Temperature (ºC) | F4: pH | G4: CE (µsm/cm) | H4: Redox | I4: DBO5 (mg/L) | J4: DCO (mg/L) | K4: MeS (mg/L) | L4: MVS (%) | M4: Nitrates (mgNO3-/l) | N4: Ammonium (mgNH4-/l) | O4: Azote total (mgN/l) | P4: Phosphates (mgPO4-/l) | Q4: Coliformes fécaux (CFU/100ml) | R4: Oeufs helmint | S4: Huiles et graisses | T4: Opération | U4: Observation
A5: Avril | B5: 43564 | C5: 20 h 00 | E5: 27.7 | F5: 7.84 | G5: 1024 | I5: 70.3 | J5: 270 | K5: 98 | M5: 11.3 | N5: 21 | O5: 90 | P5: 46 | Q5: 3670000 | T5: P1 | U5: filtre alimenté
A6: Avril | B6: 43571 | C6: 19 h 35 | E6: 27.4 | F6: 7.82 | G6: 1254 | H6: -27 | I6: 214.5 | J6: 237 | K6: 79 | L6: 47.7 | M6: 11.3 | N6: 21 | O6: 700 | P6: 40 | Q6: 2670000 | R6: 1 Ascaris vivant, 1 Ascaris mort, présence de larves NI | S6: 57 | T6: P1
A7: Avril | B7: 43578 | C7: 19 h 14 | E7: 27.4 | F7: 8.02 | G7: 1164 | H7: -55 | I7: 76 | J7: 234 | K7: 55 | M7: 18.07 | N7: 23 | O7: 120 | P7: 86 | Q7: 3670000 | T7: P1
A8: Mai | B8: 43586 | C8: 20 h 00 | E8: 26.7 | F8: 7.59 | G8: 1272 | H8: -209 | I8: 64.7 | J8: 247 | K8: 50 | M8: 4.52 | N8: 20 | O8: 60 | P8: 11 | Q8: 1000000 | T8: P1 | U8: en alimentationn
A9: Mai | B9: 43598 | T9: P2 | U9: repos
A10: Mai | B10: 43608 | C10: 18 h 47 | E10: 28.1 | F10: 8.13 | G10: 1144 | H10: -176 | T10: P2
A11: Mai | B11: 43612 | T11: P2 | U11: repos
B12: 43633 | C12: 18 h 16 | E12: 29.6 | F12: 7.53 | G12: 1221 | H12: 10
A15: n | F15: =COUNT(F5:F14) -> 6 | H15: =COUNT(H5:H14) -> 5 | I15: =COUNT(I5:I14) -> 4 | J15: =COUNT(J5:J14) -> 4 | K15: =COUNT(K5:K14) -> 4 | L15: =COUNT(L5:L14) -> 1 | M15: =COUNT(M5:M14) -> 4 | N15: =COUNT(N5:N14) -> 4 | O15: =COUNT(O5:O14) -> 4 | ... S15: =COUNT(S5:S14) -> 1
A16: MOYENNE | F16: =AVERAGE(F5:F14) -> 7.8216667 | H16: =AVERAGE(H5:H14) -> -91.4 | I16: =AVERAGE(I5:I14) -> 106.375 | J16: =AVERAGE(J5:J14) -> 247 | K16: =AVERAGE(K5:K14) -> 70.5 | L16: =AVERAGE(L5:L14) -> 47.7 | M16: =AVERAGE(M5:M14) -> 11.2975 | N16: =AVERAGE(N5:N14) -> 21.25 | O16: =AVERAGE(O5:O14) -> 242.5 | ... S16: =AVERAGE(S5:S14) -> 57
A17: MAX | F17: =MAX(F5:F14) -> 8.13 | H17: =MAX(H5:H14) -> 10 | I17: =MAX(I5:I14) -> 214.5 | J17: =MAX(J5:J14) -> 270 | K17: =MAX(K5:K14) -> 98 | L17: =MAX(L5:L14) -> 47.7 | M17: =MAX(M5:M14) -> 18.07 | N17: =MAX(N5:N14) -> 23 | O17: =MAX(O5:O14) -> 700 | ... S17: =MAX(S5:S14) -> 57
A18: MIN | F18: =MIN(F5:F14) -> 7.53 | H18: =MIN(H5:H14) -> -209 | I18: =MIN(I5:I14) -> 64.7 | J18: =MIN(J5:J14) -> 234 | K18: =MIN(K5:K14) -> 50 | L18: =MIN(L5:L14) -> 47.7 | M18: =MIN(M5:M14) -> 4.52 | N18: =MIN(N5:N14) -> 20 | O18: =MIN(O5:O14) -> 60 | ... S18: =MIN(S5:S14) -> 57
A19: DS | F19: =STDEV(F5:F14) -> 0.23387319 | H19: =STDEV(H5:H14) -> 95.839971 | I19: =STDEV(I5:I14) -> 72.230805 | J19: =STDEV(J5:J14) -> 16.309506 | K19: =STDEV(K5:K14) -> 22.27854 | L19: =STDEV(L5:L14) -> #DIV/0! | M19: =STDEV(M5:M14) -> 5.5317651 | N19: =STDEV(N5:N14) -> 1.2583057 | O19: =STDEV(O5:O14) -> 305.98203 | ... S19: =STDEV(S5:S14) -> #DIV/0!
A20: CV | F20: =F19/F16 -> 0.029900684 | H20: =H19/H16 -> -1.0485774 | I20: =I19/I16 -> 0.67902049 | J20: =J19/J16 -> 0.06603039 | K20: =K19/K16 -> 0.31600766 | L20: =L19/L16 -> #DIV/0! | M20: =M19/M16 -> 0.48964506 | N20: =N19/N16 -> 0.059214388 | O20: =O19/O16 -> 1.2617815 | ... S20: =S19/S16 -> #DIV/0!

Sheet SFV1b
A1: Sortie FV1b
A4: Mois | B4: Data | C4: Heure echantillon /observations | D4: Charge hydraulique (cm/jour) | E4: Temperature (ºC) | F4: pH | G4: CE (µsm/cm) | H4: Redox | I4: DBO5 (mg/L) | J4: DCO (mg/L) | K4: MeS (mg/L) | L4: MVS (%) | M4: Nitrates (mgNO3-/l) | N4: Ammonium (mgNH4-/l) | O4: Azote total (mgN/l) | P4: Phosphates (mgPO4-/l) | Q4: Coliformes fécaux (CFU/100ml) | R4: Oeufs helmint | S4: Huiles et graisses | T4: Opération | U4: Observation
A5: Avril | B5: 43564 | C5: 19 h 45 | E5: 26.8 | F5: 8.15 | G5: 1107 | I5: 73.2 | J5: 240 | K5: 67 | M5: 15.8 | N5: 31 | O5: 400 | P5: 70.8 | Q5: 2330000 | T5: P1 | U5: débit lent
A6: Avril | B6: 43571 | C6: 19 h 24 | E6: 26.6 | F6: 8.32 | G6: 1866 | H6: -144 | I6: 205.25 | J6: 272 | K6: 79 | L6: 34 | M6: 29.37 | N6: 39 | O6: 260 | P6: 80 | Q6: 5000000 | R6: Présence de larves NI | S6: 157.5 | T6: P1
A7: Avril | B7: 43578 | C7: 18 h 59 | E7: 27.9 | F7: 8.35 | G7: 1280 | H7: -177 | I7: 92.8 | J7: 280 | K7: 58 | M7: 4.51 | N7: 38 | O7: 80 | P7: 37 | Q7: 2330000 | T7: P1
A8: Mai | B8: 43586 | C8: 19 h 55 | E8: 24.9 | F8: 8.38 | G8: 1272 | H8: -12 | I8: 90 | J8: 260 | K8: 61 | M8: 9.04 | N8: 30 | O8: 130 | P8: 23.1 | Q8: 13300000 | T8: P1
A9: Mai | B9: 43598 | T9: P2 | U9: repos
A10: Mai | B10: 43608 | T10: P2 | U10: repos
A11: Mai | B11: 43612 | C11: 18 h 23 | E11: 27.9 | F11: 8.26 | G11: 1165 | H11: -200 | T11: P2 | U11: en fonctionnemen
A12: Juin | B12: 43633 | C12: 18 h 12 | E12: 29.3 | F12: 8.28 | G12: 1196 | H12: -106
A15: n | F15: =COUNT(F5:F14) -> 6 | H15: =COUNT(H5:H14) -> 5 | I15: =COUNT(I5:I14) -> 4 | J15: =COUNT(J5:J14) -> 4 | K15: =COUNT(K5:K14) -> 4 | L15: =COUNT(L5:L14) -> 1 | M15: =COUNT(M5:M14) -> 4 | N15: =COUNT(N5:N14) -> 4 | O15: =COUNT(O5:O14) -> 4 | ... S15: =COUNT(S5:S14) -> 1
A16: MOYENNE | F16: =AVERAGE(F5:F14) -> 8.29 | H16: =AVERAGE(H5:H14) -> -127.8 | I16: =AVERAGE(I5:I14) -> 115.3125 | J16: =AVERAGE(J5:J14) -> 263 | K16: =AVERAGE(K5:K14) -> 66.25 | L16: =AVERAGE(L5:L14) -> 34 | M16: =AVERAGE(M5:M14) -> 14.68 | N16: =AVERAGE(N5:N14) -> 34.5 | O16: =AVERAGE(O5:O14) -> 217.5 | ... S16: =AVERAGE(S5:S14) -> 157.5
A17: MAX | F17: =MAX(F5:F14) -> 8.38 | H17: =MAX(H5:H14) -> -12 | I17: =MAX(I5:I14) -> 205.25 | J17: =MAX(J5:J14) -> 280 | K17: =MAX(K5:K14) -> 79 | L17: =MAX(L5:L14) -> 34 | M17: =MAX(M5:M14) -> 29.37 | N17: =MAX(N5:N14) -> 39 | O17: =MAX(O5:O14) -> 400 | ... S17: =MAX(S5:S14) -> 157.5
A18: MIN | F18: =MIN(F5:F14) -> 8.15 | H18: =MIN(H5:H14) -> -200 | I18: =MIN(I5:I14) -> 73.2 | J18: =MIN(J5:J14) -> 240 | K18: =MIN(K5:K14) -> 58 | L18: =MIN(L5:L14) -> 34 | M18: =MIN(M5:M14) -> 4.51 | N18: =MIN(N5:N14) -> 30 | O18: =MIN(O5:O14) -> 80 | ... S18: =MIN(S5:S14) -> 157.5
A19: DS | F19: =STDEV(F5:F14) -> 0.081486195 | H19: =STDEV(H5:H14) -> 73.791598 | I19: =STDEV(I5:I14) -> 60.579842 | J19: =STDEV(J5:J14) -> 17.397318 | K19: =STDEV(K5:K14) -> 9.2870878 | L19: =STDEV(L5:L14) -> #DIV/0! | M19: =STDEV(M5:M14) -> 10.836497 | N19: =STDEV(N5:N14) -> 4.6547467 | O19: =STDEV(O5:O14) -> 143.38177 | ... S19: =STDEV(S5:S14) -> #DIV/0!
A20: CV | F20: =F19/F16 -> 0.0098294566 | H20: =H19/H16 -> -0.57739905 | I20: =I19/I16 -> 0.52535365 | J20: =J19/J16 -> 0.066149497 | K20: =K19/K16 -> 0.14018246 | L20: =L19/L16 -> #DIV/0! | M20: =M19/M16 -> 0.73818099 | N20: =N19/N16 -> 0.13492019 | O20: =O19/O16 -> 0.65922655 | ... S20: =S19/S16 -> #DIV/0!

Sheet SFV1c
A1: Sortie FV1c
A4: Mois | B4: Data | C4: Heure echantillon /observations | D4: Charge hydraulique (cm/jour) | E4: Temperature (ºC) | F4: pH | G4: CE (µsm/cm) | H4: Redox | I4: DBO5 (mg/L) | J4: DCO (mg/L) | K4: MeS (mg/L) | L4: MVS (%) | M4: Nitrates (mgNO3-/l) | N4: Ammonium (mgNH4-/l) | O4: Azote toal (mgN/l) | P4: Phosphates (mgPO4-/l) | Q4: Coliformes fécaux (CFU/100ml) | R4: Oeufs helmint | S4: Huiles et graisses | T4: Opération | U4: Observation
A5: Avril | B5: 43564 | C5: 19 h 30 | E5: 26.7 | F5: 7.98 | G5: 1032 | I5: 61.9 | J5: 207 | K5: 53 | M5: 18.07 | N5: 48 | O5: 200 | P5: 26.1 | Q5: 2000000 | T5: P1 | U5: Débit lent
A6: Avril | B6: 43571 | C6: 19 h 13 | E6: 25.4 | F6: 8.23 | G6: 1300 | H6: -30 | I6: 120 | J6: 215 | K6: 55 | L6: 18.3 | M6: 33.88 | N6: 49 | O6: 120 | P6: 47 | Q6: 2670000 | R6: Présence de larves NI | S6: 50 | T6: P1
A7: Avril | B7: 43578 | C7: 18 h 50 | E7: 26.8 | F7: 8.2 | G7: 1154 | H7: -108 | I7: 59.1 | J7: 210 | K7: 43 | M7: 2.26 | N7: 59 | O7: 70 | P7: 80 | Q7: 2000000 | T7: P1
A8: Mai | B8: 43586 | C8: 19 h 40 | E8: 25.7 | F8: 8.12 | G8: 1192 | H8: 44 | I8: 39.4 | J8: 184 | K8: 28 | M8: 6.78 | N8: 60 | O8: 110 | P8: 16.1 | Q8: 1000000 | T8: P1
A9: Mai | B9: 43598 | C9: 18 h 27 | E9: 28.8 | F9: 8.1 | G9: 1203 | H9: -185 | T9: P2 | U9: T(°C) prise après alimentation
A10: Mai | B10: 43608 | T10: P2 | U10: repos
A11: Mai | B11: 43612 | U11: repos
A12: Juin | B12: 43633 | C12: 18 h 08 | E12: 29.3 | F12: 8.17 | G12: 1267 | H12: -70
A15: n | F15: =COUNT(F5:F14) -> 6 | H15: =COUNT(H5:H14) -> 5 | I15: =COUNT(I5:I14) -> 4 | J15: =COUNT(J5:J14) -> 4 | K15: =COUNT(K5:K14) -> 4 | L15: =COUNT(L5:L14) -> 1 | M15: =COUNT(M5:M14) -> 4 | N15: =COUNT(N5:N14) -> 4 | O15: =COUNT(O5:O14) -> 4 | ... S15: =COUNT(S5:S14) -> 1
A16: MOYENNE | F16: =AVERAGE(F5:F14) -> 8.1333333 | H16: =AVERAGE(H5:H14) -> -69.8 | I16: =AVERAGE(I5:I14) -> 70.1 | J16: =AVERAGE(J5:J14) -> 204 | K16: =AVERAGE(K5:K14) -> 44.75 | L16: =AVERAGE(L5:L14) -> 18.3 | M16: =AVERAGE(M5:M14) -> 15.2475 | N16: =AVERAGE(N5:N14) -> 54 | O16: =AVERAGE(O5:O14) -> 125 | ... S16: =AVERAGE(S5:S14) -> 50
A17: MAX | F17: =MAX(F5:F14) -> 8.23 | H17: =MAX(H5:H14) -> 44 | I17: =MAX(I5:I14) -> 120 | J17: =MAX(J5:J14) -> 215 | K17: =MAX(K5:K14) -> 55 | L17: =MAX(L5:L14) -> 18.3 | M17: =MAX(M5:M14) -> 33.88 | N17: =MAX(N5:N14) -> 60 | O17: =MAX(O5:O14) -> 200 | ... S17: =MAX(S5:S14) -> 50
A18: MIN | F18: =MIN(F5:F14) -> 7.98 | H18: =MIN(H5:H14) -> -185 | I18: =MIN(I5:I14) -> 39.4 | J18: =MIN(J5:J14) -> 184 | K18: =MIN(K5:K14) -> 28 | L18: =MIN(L5:L14) -> 18.3 | M18: =MIN(M5:M14) -> 2.26 | N18: =MIN(N5:N14) -> 48 | O18: =MIN(O5:O14) -> 70 | ... S18: =MIN(S5:S14) -> 50
A19: DS | F19: =STDEV(F5:F14) -> 0.089368152 | H19: =STDEV(H5:H14) -> 85.534788 | I19: =STDEV(I5:I14) -> 34.740658 | J19: =STDEV(J5:J14) -> 13.735599 | K19: =STDEV(K5:K14) -> 12.338963 | L19: =STDEV(L5:L14) -> #DIV/0! | M19: =STDEV(M5:M14) -> 14.089124 | N19: =STDEV(N5:N14) -> 6.3770422 | O19: =STDEV(O5:O14) -> 54.467115 | ... S19: =STDEV(S5:S14) -> #DIV/0!
A20: CV | F20: =F19/F16 -> 0.010987888 | H20: =H19/H16 -> -1.2254268 | I20: =I19/I16 -> 0.49558714 | J20: =J19/J16 -> 0.067331365 | K20: =K19/K16 -> 0.27573101 | L20: =L19/L16 -> #DIV/0! | M20: =M19/M16 -> 0.92402849 | N20: =N19/N16 -> 0.11809337 | O20: =O19/O16 -> 0.43573692 | ... S20: =S19/S16 -> #DIV/0!

Sheet Entréé FV2
A1: Entrée FV2a
A4: Mois | B4: Data | C4: Heure echantillon /observations | D4: Charge hydraulique (cm/jour) | E4: Temperature (ºC) | F4: pH | G4: CE (µsm/cm) | H4: Redox | I4: DBO5 (mg/L) | J4: DCO (mg/L) | K4: MeS (mg/L) | L4: MVS (%) | M4: Nitrates (mgNO3-/l) | N4: Ammonium (mgNH4-/l) | O4: Azote total (mgN/l) | P4: Phosphates (mgPO4-/l) | Q4: Coliformes fécaux (CFU/100ml) | R4: Oeufs helmint | S4: Huiles et graisses | T4: Opération | U4: Observation
A5: Avril | B5: 43564 | I5: 71.266667 | J5: 239 | K5: 72.666667 | M5: 66.666667 | N5: 443.33333 | O5: 230 | P5: 338.33333 | Q5: 2733333.3 | T5: P1
A6: Avril | B6: 43571 | I6: 179.91667 | J6: 253 | K6: 71 | L6: 43.766667 | M6: =AVERAGE(SFV1a!M6,SFV1b!M6,SFV1c!M6) -> 24.85 | N6: 36.333333 | O6: 213.33333 | P6: 55.666667 | Q6: 3446666.7 | S6: 88.166667 | T6: P1
A7: Avril | B7: 43578 | I7: 75.966667 | J7: 241.33333 | K7: 52 | M7: =AVERAGE(SFV1a!M7,SFV1b!M7,SFV1c!M7) -> 8.28 | N7: 40 | O7: 90 | P7: 67.666667 | Q7: 2666666.7 | T7: P1
A8: Mai | B8: 43586 | I8: 64.7 | J8: 230.33333 | K8: 46.333333 | M8: =AVERAGE(SFV1a!M8,SFV1b!M8,SFV1c!M8) -> 6.78 | N8: 36.666667 | O8: 100 | P8: 16.733333 | Q8: 5100000 | T8: P1
A9: Mai | B9: 43598 | T9: P2
A10: Mai | B10: 43608
A11: Mai | B11: 43612
A12: Juin | B12: 43633
A15: n | F15: =COUNT(F5:F14) -> 0 | H15: =COUNT(H5:H14) -> 0 | I15: =COUNT(I5:I14) -> 4 | J15: =COUNT(J5:J14) -> 4 | K15: =COUNT(K5:K14) -> 4 | L15: =COUNT(L5:L14) -> 1 | M15: =COUNT(M5:M14) -> 4 | N15: =COUNT(N5:N14) -> 4 | O15: =COUNT(O5:O14) -> 4 | ... S15: =COUNT(S5:S14) -> 1
A16: MOYENNE | F16: =AVERAGE(F5:F14) -> #DIV/0! | H16: =AVERAGE(H5:H14) -> #DIV/0! | I16: =AVERAGE(I5:I14) -> 97.9625 | J16: =AVERAGE(J5:J14) -> 240.91667 | K16: =AVERAGE(K5:K14) -> 60.5 | L16: =AVERAGE(L5:L14) -> 43.766667 | M16: =AVERAGE(M5:M14) -> 26.644167 | N16: =AVERAGE(N5:N14) -> 139.08333 | O16: =AVERAGE(O5:O14) -> 158.33333 | ... S16: =AVERAGE(S5:S14) -> 88.166667
A17: MAX | F17: =MAX(F5:F14) -> 0 | H17: =MAX(H5:H14) -> 0 | I17: =MAX(I5:I14) -> 179.91667 | J17: =MAX(J5:J14) -> 253 | K17: =MAX(K5:K14) -> 72.666667 | L17: =MAX(L5:L14) -> 43.766667 | M17: =MAX(M5:M14) -> 66.666667 | N17: =MAX(N5:N14) -> 443.33333 | O17: =MAX(O5:O14) -> 230 | ... S17: =MAX(S5:S14) -> 88.166667
A18: MIN | F18: =MIN(F5:F14) -> 0 | H18: =MIN(H5:H14) -> 0 | I18: =MIN(I5:I14) -> 64.7 | J18: =MIN(J5:J14) -> 230.33333 | K18: =MIN(K5:K14) -> 46.333333 | L18: =MIN(L5:L14) -> 43.766667 | M18: =MIN(M5:M14) -> 6.78 | N18: =MIN(N5:N14) -> 36.333333 | O18: =MIN(O5:O14) -> 90 | ... S18: =MIN(S5:S14) -> 88.166667
A19: DS | F19: =STDEV(F5:F14) -> #DIV/0! | H19: =STDEV(H5:H14) -> #DIV/0! | I19: =STDEV(I5:I14) -> 54.831145 | J19: =STDEV(J5:J14) -> 9.3427532 | K19: =STDEV(K5:K14) -> 13.306918 | L19: =STDEV(L5:L14) -> #DIV/0! | M19: =STDEV(M5:M14) -> 27.909659 | N19: =STDEV(N5:N14) -> 202.84009 | O19: =STDEV(O5:O14) -> 73.560255 | ... S19: =STDEV(S5:S14) -> #DIV/0!
A20: CV | F20: =F19/F16 -> #DIV/0! | H20: =H19/H16 -> #DIV/0! | I20: =I19/I16 -> 0.55971566 | J20: =J19/J16 -> 0.03878002 | K20: =K19/K16 -> 0.21994906 | L20: =L19/L16 -> #DIV/0! | M20: =M19/M16 -> 1.0474961 | N20: =N19/N16 -> 1.4584069 | O20: =O19/O16 -> 0.46459108 | ... S20: =S19/S16 -> #DIV/0!

Sheet SFV2a
A1: Sortie FV2a
A4: Mois | B4: Data | C4: Heure echantillon /observations | D4: Charge hydraulique (cm/jour) | E4: Temperature (ºC) | F4: pH | G4: CE (µsm/cm) | H4: Redox | I4: DBO5 (mg/L) | J4: DCO (mg/L) | K4: MeS (mg/L) | L4: MVS (%) | M4: Nitrates (mgNO3-/l) | N4: Ammonium (mgNH4-/l) | O4: Azote total (mgN/l) | P4: Phosphates (mgPO4-/l) | Q4: Coliformes fécaux (CFU/100ml) | R4: Oeufs helmint | S4: Huiles et graisses | T4: Opération | U4: Observation
A5: Avril | B5: 43564 | E5: 26.2 | F5: 5.85 | G5: 884 | I5: 1.4 | J5: 89 | K5: 7 | M5: 7 | N5: 4.7 | O5: 50 | P5: 7.5 | Q5: 6670 | T5: P1
A6: Avril | B6: 43571 | C6: 19 h 03 | E6: 25.5 | F6: 6.08 | G6: 1057 | H6: 149 | I6: 2.2 | J6: 145 | K6: 18 | L6: 37.3 | M6: 11.75 | N6: 5.2 | O6: 70 | P6: 8.4 | Q6: 33300 | R6: Présence de larves NI | S6: 239.5 | T6: P1
A7: Avril | B7: 43578 | C7: 18 h 42 | E7: 25.9 | F7: 5.72 | G7: 1018 | H7: 180 | I7: 0.3 | J7: 107 | K7: 14 | M7: 9.71 | N7: 5.9 | O7: 88 | P7: 12.2 | Q7: 6670 | T7: P1
A8: Mai | B8: 43586 | C8: 19 h 22 | E8: 25.3 | F8: 5.21 | G8: 1080 | H8: 24 | I8: pas de donnée | J8: 101 | K8: 6 | M8: 2.03 | N8: 5 | O8: 98 | P8: 12.5 | Q8: 0 | T8: P1
A9: Mai | B9: 43598 | C9: 18 h 23 | E9: 26.8 | F9: 5.73 | G9: 1065 | H9: 182 | T9: P2
A10: Mai | B10: 43608 | T10: P2 | U10: repos
A11: Mai | B11: 43612 | C11: 18 h 18 | E11: 26.3 | F11: 6.51 | G11: 904 | H11: 217 | T11: P2
A12: Juin | B12: 43633 | C12: 18 h 01 | E12: 27 | F12: 5.14 | G12: 1212 | H12: 278
A15: n | F15: =COUNT(F5:F14) -> 7 | H15: =COUNT(H5:H14) -> 6 | I15: =COUNT(I5:I14) -> 3 | J15: =COUNT(J5:J14) -> 4 | K15: =COUNT(K5:K14) -> 4 | L15: =COUNT(L5:L14) -> 1 | M15: =COUNT(M5:M14) -> 4 | N15: =COUNT(N5:N14) -> 4 | O15: =COUNT(O5:O14) -> 4 | ... S15: =COUNT(S5:S14) -> 1
A16: MOYENNE | F16: =AVERAGE(F5:F14) -> 5.7485714 | H16: =AVERAGE(H5:H14) -> 171.66667 | I16: =AVERAGE(I5:I14) -> 1.3 | J16: =AVERAGE(J5:J14) -> 110.5 | K16: =AVERAGE(K5:K14) -> 11.25 | L16: =AVERAGE(L5:L14) -> 37.3 | M16: =AVERAGE(M5:M14) -> 7.6225 | N16: =AVERAGE(N5:N14) -> 5.2 | O16: =AVERAGE(O5:O14) -> 76.5 | ... S16: =AVERAGE(S5:S14) -> 239.5
A17: MAX | F17: =MAX(F5:F14) -> 6.51 | H17: =MAX(H5:H14) -> 278 | I17: =MAX(I5:I14) -> 2.2 | J17: =MAX(J5:J14) -> 145 | K17: =MAX(K5:K14) -> 18 | L17: =MAX(L5:L14) -> 37.3 | M17: =MAX(M5:M14) -> 11.75 | N17: =MAX(N5:N14) -> 5.9 | O17: =MAX(O5:O14) -> 98 | ... S17: =MAX(S5:S14) -> 239.5
A18: MIN | F18: =MIN(F5:F14) -> 5.14 | H18: =MIN(H5:H14) -> 24 | I18: =MIN(I5:I14) -> 0.3 | J18: =MIN(J5:J14) -> 89 | K18: =MIN(K5:K14) -> 6 | L18: =MIN(L5:L14) -> 37.3 | M18: =MIN(M5:M14) -> 2.03 | N18: =MIN(N5:N14) -> 4.7 | O18: =MIN(O5:O14) -> 50 | ... S18: =MIN(S5:S14) -> 239.5
A19: DS | F19: =STDEV(F5:F14) -> 0.47635521 | H19: =STDEV(H5:H14) -> 84.684513 | I19: =STDEV(I5:I14) -> 0.9539392 | J19: =STDEV(J5:J14) -> 24.186773 | K19: =STDEV(K5:K14) -> 5.7373048 | L19: =STDEV(L5:L14) -> #DIV/0! | M19: =STDEV(M5:M14) -> 4.2054518 | N19: =STDEV(N5:N14) -> 0.50990195 | O19: =STDEV(O5:O14) -> 21.126603 | ... S19: =STDEV(S5:S14) -> #DIV/0!
A20: CV | F20: =F19/F16 -> 0.082864972 | H20: =H19/H16 -> 0.49330784 | I20: =I19/I16 -> 0.73379939 | J20: =J19/J16 -> 0.21888483 | K20: =K19/K16 -> 0.50998265 | L20: =L19/L16 -> #DIV/0! | M20: =M19/M16 -> 0.55171556 | N20: =N19/N16 -> 0.098058068 | O20: =O19/O16 -> 0.27616474 | ... S20: =S19/S16 -> #DIV/0!

Sheet SFV2b
A1: Sortie FV2b
A4: Mois | B4: Data | C4: Heure echantillon /observations | D4: Charge hydraulique (cm/jour) | E4: Temperature (ºC) | F4: pH | G4: CE (µsm/cm) | H4: Redox | I4: DBO5 (mg/L) | J4: DCO (mg/L) | K4: MeS (mg/L) | L4: MVS (%) | M4: Nitrates (mgNO3-/l) | N4: Ammonium (mgNH4-/l) | O4: Azote toal (mgN/l) | P4: Phosphates (mgPO4-/l) | Q4: Coliformes fécaux (CFU/100ml) | R4: Oeufs helmint | S4: Huiles et graisses | T4: Opération | U4: Observation
A5: Avril | B5: 43564 | C5: 19 h | E5: 26.2 | F5: 6.22 | G5: 925 | I5: 4.8 | J5: 78 | K5: 11 | M5: 9.5 | N5: 2 | O5: 30 | P5: 11.8 | Q5: 3330 | T5: P1
A6: Avril | B6: 43571 | C6: 18 h 49 | E6: 25.9 | F6: 6.25 | G6: 1105 | H6: 103 | I6: 2.8 | J6: 57 | K6: 18 | L6: 44.1 | M6: 14 | N6: 2.2 | O6: 73 | P6: 10.9 | Q6: 3330 | R6: Présebce de larves NI | S6: 138 | T6: P1
A7: Avril | B7: 43578 | C7: 18 h 38 | E7: 25.7 | F7: 5.95 | G7: 1025 | H7: 144 | I7: 0.8 | J7: 92 | K7: 12 | M7: 10.62 | N7: 2.2 | O7: 72 | P7: 13.3 | Q7: 3330 | T7: P1 | U7: valeurs supérieurs à celles de l'entrée
A8: Mai | B8: 43586 | C8: 19 h 17 | E8: 25.8 | F8: 5.53 | G8: 1068 | H8: 180 | I8: 1.1 | J8: 136 | K8: 20 | M8: 9.71 | N8: 2 | O8: 73 | P8: 14 | Q8: 6670 | T8: P1
A9: Mai | B9: 43598 | T9: P2 | U9: repos
A10: Mai | B10: 43608 | C10: 18 h 35 | E10: 26.6 | F10: 5.73 | G10: 1020 | H10: 200 | T10: P2
A11: Mai | B11: 43612 | T11: P2 | U11: repos
A12: Juin | B12: 43633 | C12: 17 h 56 | E12: 26.8 | F12: 5.19 | G12: 1224 | H12: 253
A15: n | F15: =COUNT(F5:F14) -> 6 | H15: =COUNT(H5:H14) -> 5 | I15: =COUNT(I5:I14) -> 4 | J15: =COUNT(J5:J14) -> 4 | K15: =COUNT(K5:K14) -> 4 | L15: =COUNT(L5:L14) -> 1 | M15: =COUNT(M5:M14) -> 4 | N15: =COUNT(N5:N14) -> 4 | O15: =COUNT(O5:O14) -> 4 | ... S15: =COUNT(S5:S14) -> 1
A16: MOYENNE | F16: =AVERAGE(F5:F14) -> 5.8116667 | H16: =AVERAGE(H5:H14) -> 176 | I16: =AVERAGE(I5:I14) -> 2.375 | J16: =AVERAGE(J5:J14) -> 90.75 | K16: =AVERAGE(K5:K14) -> 15.25 | L16: =AVERAGE(L5:L14) -> 44.1 | M16: =AVERAGE(M5:M14) -> 10.9575 | N16: =AVERAGE(N5:N14) -> 2.1 | O16: =AVERAGE(O5:O14) -> 62 | ... S16: =AVERAGE(S5:S14) -> 138
A17: MAX | F17: =MAX(F5:F14) -> 6.25 | H17: =MAX(H5:H14) -> 253 | I17: =MAX(I5:I14) -> 4.8 | J17: =MAX(J5:J14) -> 136 | K17: =MAX(K5:K14) -> 20 | L17: =MAX(L5:L14) -> 44.1 | M17: =MAX(M5:M14) -> 14 | N17: =MAX(N5:N14) -> 2.2 | O17: =MAX(O5:O14) -> 73 | ... S17: =MAX(S5:S14) -> 138
A18: MIN | F18: =MIN(F5:F14) -> 5.19 | H18: =MIN(H5:H14) -> 103 | I18: =MIN(I5:I14) -> 0.8 | J18: =MIN(J5:J14) -> 57 | K18: =MIN(K5:K14) -> 11 | L18: =MIN(L5:L14) -> 44.1 | M18: =MIN(M5:M14) -> 9.5 | N18: =MIN(N5:N14) -> 2 | O18: =MIN(O5:O14) -> 30 | ... S18: =MIN(S5:S14) -> 138
A19: DS | F19: =STDEV(F5:F14) -> 0.41242777 | H19: =STDEV(H5:H14) -> 56.731825 | I19: =STDEV(I5:I14) -> 1.8409689 | J19: =STDEV(J5:J14) -> 33.420303 | K19: =STDEV(K5:K14) -> 4.425306 | L19: =STDEV(L5:L14) -> #DIV/0! | M19: =STDEV(M5:M14) -> 2.0857672 | N19: =STDEV(N5:N14) -> 0.11547005 | O19: =STDEV(O5:O14) -> 21.338541 | ... S19: =STDEV(S5:S14) -> #DIV/0!
A20: CV | F20: =F19/F16 -> 0.07096549 | H20: =H19/H16 -> 0.32233992 | I20: =I19/I16 -> 0.77514482 | J20: =J19/J16 -> 0.3682678 | K20: =K19/K16 -> 0.290184 | L20: =L19/L16 -> #DIV/0! | M20: =M19/M16 -> 0.19035065 | N20: =N19/N16 -> 0.05498574 | O20: =O19/O16 -> 0.34417002 | ... S20: =S19/S16 -> #DIV/0!

Sheet SFHa
A1: Sortie Fha
A4: Mois | B4: Data | C4: Heure echantillon /observations | D4: Charge hydraulique (cm/jour) | E4: Temperature (ºC) | F4: pH | G4: CE (µsm/cm) | H4: Redox | I4: DBO5 (mg/L) | J4: DCO (mg/L) | K4: MeS (mg/L) | L4: MVS (%) | M4: Nitrates (mgNO3-/l) | N4: Ammonium (mgNH4-/l) | O4: Azote total (mgN/l) | P4: Phosphates (mgPO4-/l) | Q4: Coliformes fécaux (CFU/100ml) | R4: Oeufs helmint | S4: Huiles et graisses | T4: Opération | U4: Observation
A5: Avril | B5: 43564 | E5: 24.5 | F5: 8.06 | G5: 1016 | I5: 3.4 | J5: 75 | K5: 17 | M5: 6.32 | N5: 3.2 | O5: 40 | P5: 2 | Q5: 0 | T5: P1
A6: Avril | B6: 43571 | C6: 18 h 45 | E6: 24.01 | F6: 8.25 | G6: 1030 | H6: 30 | I6: 7 | J6: 85 | K6: 64 | L6: 29.8 | M6: 9.94 | N6: 2.6 | O6: 58 | P6: 3.9 | Q6: 0 | R6: Présence de larves NI | S6: 103 | T6: P1
A7: Avril | B7: 43578 | C7: 18 h 27 | E7: 24.1 | F7: 8.08 | G7: 1138 | H7: 95 | I7: 0.3 | J7: 83 | K7: 20 | M7: 8.13 | N7: 2.9 | O7: 70 | P7: 1.5 | Q7: 0 | T7: P1
A8: Mai | B8: 43586 | C8: 19 h 10 | E8: 23.7 | F8: 7.81 | G8: 1192 | H8: 110 | I8: 3.1 | J8: 131 | K8: 7 | M8: 11.97 | N8: 3 | O8: 75 | P8: 19 | Q8: 0 | T8: P1
A9: Mai | B9: 43598 | C9: 18 h 15 | E9: 25.3 | F9: 7.71 | G9: 1110 | H9: 125 | T9: P2
A10: Mai | B10: 43608 | C10: 18 h 25 | E10: 24.4 | F10: 8.08 | G10: 1110 | H10: 137 | T10: P2
A11: Mai | B11: 43612 | C11: 18 h 00 | E11: 25.6 | F11: 8.28 | G11: 1040 | H11: 211 | T11: P2
A12: Juin | B12: 43633 | C12: 17 h 30 | E12: 26.8 | F12: 7.67 | G12: 812 | H12: 167
A15: n | F15: =COUNT(F5:F14) -> 8 | H15: =COUNT(H5:H14) -> 7 | I15: =COUNT(I5:I14) -> 4 | J15: =COUNT(J5:J14) -> 4 | K15: =COUNT(K5:K14) -> 4 | L15: =COUNT(L5:L14) -> 1 | M15: =COUNT(M5:M14) -> 4 | N15: =COUNT(N5:N14) -> 4 | O15: =COUNT(O5:O14) -> 4 | ... S15: =COUNT(S5:S14) -> 1
A16: MOYENNE | F16: =AVERAGE(F5:F14) -> 7.9925 | H16: =AVERAGE(H5:H14) -> 125 | I16: =AVERAGE(I5:I14) -> 3.45 | J16: =AVERAGE(J5:J14) -> 93.5 | K16: =AVERAGE(K5:K14) -> 27 | L16: =AVERAGE(L5:L14) -> 29.8 | M16: =AVERAGE(M5:M14) -> 9.09 | N16: =AVERAGE(N5:N14) -> 2.925 | O16: =AVERAGE(O5:O14) -> 60.75 | ... S16: =AVERAGE(S5:S14) -> 103
A17: MAX | F17: =MAX(F5:F14) -> 8.28 | H17: =MAX(H5:H14) -> 211 | I17: =MAX(I5:I14) -> 7 | J17: =MAX(J5:J14) -> 131 | K17: =MAX(K5:K14) -> 64 | L17: =MAX(L5:L14) -> 29.8 | M17: =MAX(M5:M14) -> 11.97 | N17: =MAX(N5:N14) -> 3.2 | O17: =MAX(O5:O14) -> 75 | ... S17: =MAX(S5:S14) -> 103
A18: MIN | F18: =MIN(F5:F14) -> 7.67 | H18: =MIN(H5:H14) -> 30 | I18: =MIN(I5:I14) -> 0.3 | J18: =MIN(J5:J14) -> 75 | K18: =MIN(K5:K14) -> 7 | L18: =MIN(L5:L14) -> 29.8 | M18: =MIN(M5:M14) -> 6.32 | N18: =MIN(N5:N14) -> 2.6 | O18: =MIN(O5:O14) -> 40 | ... S18: =MIN(S5:S14) -> 103
A19: DS | F19: =STDEV(F5:F14) -> 0.23480995 | H19: =STDEV(H5:H14) -> 56.94149 | I19: =STDEV(I5:I14) -> 2.7477263 | J19: =STDEV(J5:J14) -> 25.370587 | K19: =STDEV(K5:K14) -> 25.285042 | L19: =STDEV(L5:L14) -> #DIV/0! | M19: =STDEV(M5:M14) -> 2.4229046 | N19: =STDEV(N5:N14) -> 0.25 | O19: =STDEV(O5:O14) -> 15.564382 | ... S19: =STDEV(S5:S14) -> #DIV/0!
A20: CV | F20: =F19/F16 -> 0.029378787 | H20: =H19/H16 -> 0.45553192 | I20: =I19/I16 -> 0.79644242 | J20: =J19/J16 -> 0.27134317 | K20: =K19/K16 -> 0.93648303 | L20: =L19/L16 -> #DIV/0! | M20: =M19/M16 -> 0.26654616 | N20: =N19/N16 -> 0.085470085 | O20: =O19/O16 -> 0.25620383 | ... S20: =S19/S16 -> #DIV/0!

Sheet SFHb
A1: Sortie FHb
A4: Mois | B4: Data | C4: Heure echantillon /observations | D4: Charge hydraulique (cm/jour) | E4: Temperature (ºC) | F4: pH | G4: CE (µsm/cm) | H4: Redox | I4: DBO5 (mg/L) | J4: DCO (mg/L) | K4: MeS (mg/L) | L4: MVS (%) | M4: Nitrates (mgNO3-/l) | N4: Ammonium (mgNH4-/l) | O4: Azote total (mgN/l) | P4: Phosphates (mgPO4-/l) | Q4: Coliformes fécaux (CFU/100ml) | R4: Oeufs helmint | S4: Huiles et graisses | T4: Opération | U4: Observation
A5: Mai | B5: 43608 | C5: 17 h 45 | E5: 24.2 | F5: 8.09 | G5: 1172 | H5: 133 | T5: P2 | U5: campagne 6
A6: Mai | B6: 43612 | C6: 18 h 15 | E6: 23.4 | F6: 8.17 | G6: 1083 | H6: 174 | T6: P2
A7: Juin | B7: 43633 | C7: 17 h 46 | E7: 26.5 | F7: 7.68 | G7: 893 | H7: 165
A15: n | F15: =COUNT(F5:F14) -> 3 | H15: =COUNT(H5:H14) -> 3 | I15: =COUNT(I5:I14) -> 0 | J15: =COUNT(J5:J14) -> 0 | K15: =COUNT(K5:K14) -> 0 | L15: =COUNT(L5:L14) -> 0 | M15: =COUNT(M5:M14) -> 0 | N15: =COUNT(N5:N14) -> 0 | O15: =COUNT(O5:O14) -> 0 | ... S15: =COUNT(S5:S14) -> 0
A16: MOYENNE | F16: =AVERAGE(F5:F14) -> 7.98 | H16: =AVERAGE(H5:H14) -> 157.33333 | I16: =AVERAGE(I5:I14) -> #DIV/0! | J16: =AVERAGE(J5:J14) -> #DIV/0! | K16: =AVERAGE(K5:K14) -> #DIV/0! | L16: =AVERAGE(L5:L14) -> #DIV/0! | M16: =AVERAGE(M5:M14) -> #DIV/0! | N16: =AVERAGE(N5:N14) -> #DIV/0! | O16: =AVERAGE(O5:O14) -> #DIV/0! | ... S16: =AVERAGE(S5:S14) -> #DIV/0!
A17: MAX | F17: =MAX(F5:F14) -> 8.17 | H17: =MAX(H5:H14) -> 174 | I17: =MAX(I5:I14) -> 0 | J17: =MAX(J5:J14) -> 0 | K17: =MAX(K5:K14) -> 0 | L17: =MAX(L5:L14) -> 0 | M17: =MAX(M5:M14) -> 0 | N17: =MAX(N5:N14) -> 0 | O17: =MAX(O5:O14) -> 0 | ... S17: =MAX(S5:S14) -> 0
A18: MIN | F18: =MIN(F5:F14) -> 7.68 | H18: =MIN(H5:H14) -> 133 | I18: =MIN(I5:I14) -> 0 | J18: =MIN(J5:J14) -> 0 | K18: =MIN(K5:K14) -> 0 | L18: =MIN(L5:L14) -> 0 | M18: =MIN(M5:M14) -> 0 | N18: =MIN(N5:N14) -> 0 | O18: =MIN(O5:O14) -> 0 | ... S18: =MIN(S5:S14) -> 0
A19: DS | F19: =STDEV(F5:F14) -> 0.26286879 | H19: =STDEV(H5:H14) -> 21.548395 | I19: =STDEV(I5:I14) -> #DIV/0! | J19: =STDEV(J5:J14) -> #DIV/0! | K19: =STDEV(K5:K14) -> #DIV/0! | L19: =STDEV(L5:L14) -> #DIV/0! | M19: =STDEV(M5:M14) -> #DIV/0! | N19: =STDEV(N5:N14) -> #DIV/0! | O19: =STDEV(O5:O14) -> #DIV/0! | ... S19: =STDEV(S5:S14) -> #DIV/0!
A20: CV | F20: =F19/F16 -> 0.032940951 | H20: =H19/H16 -> 0.13696014 | I20: =I19/I16 -> #DIV/0! | J20: =J19/J16 -> #DIV/0! | K20: =K19/K16 -> #DIV/0! | L20: =L19/L16 -> #DIV/0! | M20: =M19/M16 -> #DIV/0! | N20: =N19/N16 -> #DIV/0! | O20: =O19/O16 -> #DIV/0! | ... S20: =S19/S16 -> #DIV/0!

Sheet % él FV1
C1: Pourcentage d'élimination FV1
A4: FV1a | B4: DBO5 (mg/L) | C4: DCO (mg/L) | D4: MeS (mg/L) | E4: MVS (%) | F4: Nitrates (mgNO3-/l) | G4: Ammonium (mgNH4-/l) | H4: Azot total (mgN/l) | I4: Phosphates (mgPO4-/l)
A5: 43564 | B5: =('Entree FV1'!I5-SFV1a!I5)/'Entree FV1'!I5*100 -> 80.526316 | C5: =('Entree FV1'!J5-SFV1a!J5)/'Entree FV1'!J5*100 -> 63.513514 | D5: =('Entree FV1'!K5-SFV1a!K5)/'Entree FV1'!K5*100 -> 59.504132 | F5: =('Entree FV1'!M5-SFV1a!M5)/'Entree FV1'!M5*100 -> 37.465412 | G5: =('Entree FV1'!N5-SFV1a!N5)/'Entree FV1'!N5*100 -> 61.818182 | H5: =('Entree FV1'!O5-SFV1a!O5)/'Entree FV1'!O5*100 -> 18.181818 | I5: =('Entree FV1'!P5-SFV1a!P5)/'Entree FV1'!P5*100 -> 33.908046
A6: 43571 | B6: =('Entree FV1'!I6-SFV1a!I6)/'Entree FV1'!I6*100 -> 64.070352 | C6: =('Entree FV1'!J6-SFV1a!J6)/'Entree FV1'!J6*100 -> 79.210526 | D6: =('Entree FV1'!K6-SFV1a!K6)/'Entree FV1'!K6*100 -> 64.090909 | E6: 47.7 | F6: =('Entree FV1'!M6-SFV1a!M6)/'Entree FV1'!M6*100 -> 54.527163 | G6: =('Entree FV1'!N6-SFV1a!N6)/'Entree FV1'!N6*100 -> 63.793103 | H6: =('Entree FV1'!O6-SFV1a!O6)/'Entree FV1'!O6*100 -> 12.5 | I6: =('Entree FV1'!P6-SFV1a!P6)/'Entree FV1'!P6*100 -> 2.4390244
A7: 43578 | B7: =('Entree FV1'!I7-SFV1a!I7)/'Entree FV1'!I7*100 -> 87.269682 | C7: =('Entree FV1'!J7-SFV1a!J7)/'Entree FV1'!J7*100 -> 84.503311 | D7: =('Entree FV1'!K7-SFV1a!K7)/'Entree FV1'!K7*100 -> 81.666667 | F7: =('Entree FV1'!M7-SFV1a!M7)/'Entree FV1'!M7*100 -> 33.321033 | G7: =('Entree FV1'!N7-SFV1a!N7)/'Entree FV1'!N7*100 -> 59.649123 | H7: =('Entree FV1'!O7-SFV1a!O7)/'Entree FV1'!O7*100 -> 86.666667 | I7: =('Entree FV1'!P7-SFV1a!P7)/'Entree FV1'!P7*100 -> -48.275862
A8: 43586 | B8: =('Entree FV1'!I8-SFV1a!I8)/'Entree FV1'!I8*100 -> 87.951583 | C8: =('Entree FV1'!J8-SFV1a!J8)/'Entree FV1'!J8*100 -> 81.838235 | D8: =('Entree FV1'!K8-SFV1a!K8)/'Entree FV1'!K8*100 -> 79.508197 | F8: =('Entree FV1'!M8-SFV1a!M8)/'Entree FV1'!M8*100 -> 73.675015 | G8: =('Entree FV1'!N8-SFV1a!N8)/'Entree FV1'!N8*100 -> 60 | H8: =('Entree FV1'!O8-SFV1a!O8)/'Entree FV1'!O8*100 -> 60 | I8: =('Entree FV1'!P8-SFV1a!P8)/'Entree FV1'!P8*100 -> 46.078431
A9: 43598
A10: 43608
A11: 43612
A12: 43633
A14: FV1b | B14: DBO5 (mg/L) | C14: DCO (mg/L) | D14: MeS (mg/L) | E14: MVS (%) | F14: Nitrates (mgNO3-/l) | G14: Ammonium (mgNH4-/l) | H14: Azot total (mgN/l) | I14: Phosphates (mgPO4-/l)
A15: =A5 -> 43564 | B15: =('Entree FV1'!I5-SFV1b!I5)/'Entree FV1'!I5*100 -> 79.722992 | C15: =('Entree FV1'!J5-SFV1b!J5)/'Entree FV1'!J5*100 -> 67.567568 | D15: =('Entree FV1'!K5-SFV1b!K5)/'Entree FV1'!K5*100 -> 72.31405 | F15: =('Entree FV1'!M5-SFV1b!M5)/'Entree FV1'!M5*100 -> 12.562258 | G15: =('Entree FV1'!N5-SFV1b!N5)/'Entree FV1'!N5*100 -> 43.636364 | H15: =('Entree FV1'!O5-SFV1b!O5)/'Entree FV1'!O5*100 -> -263.63636 | I15: =('Entree FV1'!P5-SFV1b!P5)/'Entree FV1'!P5*100 -> -1.7241379
A16: =A6 -> 43571 | B16: =('Entree FV1'!I6-SFV1b!I6)/'Entree FV1'!I6*100 -> 65.619765 | C16: =('Entree FV1'!J6-SFV1b!J6)/'Entree FV1'!J6*100 -> 76.140351 | D16: =('Entree FV1'!K6-SFV1b!K6)/'Entree FV1'!K6*100 -> 64.090909 | E16: 34 | F16: =('Entree FV1'!M6-SFV1b!M6)/'Entree FV1'!M6*100 -> -18.189135 | G16: =('Entree FV1'!N6-SFV1b!N6)/'Entree FV1'!N6*100 -> 32.758621 | H16: =('Entree FV1'!O6-SFV1b!O6)/'Entree FV1'!O6*100 -> 67.5 | I16: =('Entree FV1'!P6-SFV1b!P6)/'Entree FV1'!P6*100 -> -95.121951
A17: =A7 -> 43578 | B17: =('Entree FV1'!I7-SFV1b!I7)/'Entree FV1'!I7*100 -> 84.455611 | C17: =('Entree FV1'!J7-SFV1b!J7)/'Entree FV1'!J7*100 -> 81.456954 | D17: =('Entree FV1'!K7-SFV1b!K7)/'Entree FV1'!K7*100 -> 80.666667 | F17: =('Entree FV1'!M7-SFV1b!M7)/'Entree FV1'!M7*100 -> 83.357934 | G17: =('Entree FV1'!N7-SFV1b!N7)/'Entree FV1'!N7*100 -> 33.333333 | H17: =('Entree FV1'!O7-SFV1b!O7)/'Entree FV1'!O7*100 -> 91.111111 | I17: =('Entree FV1'!P7-SFV1b!P7)/'Entree FV1'!P7*100 -> 36.206897
A18: =A8 -> 43586 | B18: =('Entree FV1'!I8-SFV1b!I8)/'Entree FV1'!I8*100 -> 83.240223 | C18: =('Entree FV1'!J8-SFV1b!J8)/'Entree FV1'!J8*100 -> 80.882353 | D18: =+('Entree FV1'!K8-SFV1b!K8)/'Entree FV1'!K8*100 -> 75 | F18: =('Entree FV1'!M8-SFV1b!M8)/'Entree FV1'!M8*100 -> 47.350029 | G18: =('Entree FV1'!N8-SFV1b!N8)/'Entree FV1'!N8*100 -> 40 | H18: =('Entree FV1'!O8-SFV1b!O8)/'Entree FV1'!O8*100 -> 13.333333 | I18: =('Entree FV1'!P8-SFV1b!P8)/'Entree FV1'!P8*100 -> -13.235294
A19: =A9 -> 43598
A20: =A10 -> 43608
A21: =A11 -> 43612
A22: =A12 -> 43633
A24: FV1c | B24: DBO5 (mg/L) | C24: DCO (mg/L) | D24: MeS (mg/L) | E24: MVS (%) | F24: Nitrates (mgNO3-/l) | G24: Ammonium (mgNH4-/l) | H24: Azot total (mgN/l) | I24: Phosphates (mgPO4-/l)
A25: =A15 -> 43564 | B25: =('Entree FV1'!I5-SFV1c!I5)/'Entree FV1'!I5*100 -> 82.853186 | C25: =('Entree FV1'!J5-SFV1c!J5)/'Entree FV1'!J5*100 -> 72.027027 | D25: =('Entree FV1'!K5-SFV1c!K5)/'Entree FV1'!K5*100 -> 78.099174 | F25: =('Entree FV1'!M5-SFV1c!M5)/'Entree FV1'!M5*100 -> 0 | G25: =('Entree FV1'!N5-SFV1c!N5)/'Entree FV1'!N5*100 -> 12.727273 | H25: =('Entree FV1'!O5-SFV1c!O5)/'Entree FV1'!O5*100 -> -81.818182 | I25: =('Entree FV1'!P5-SFV1c!P5)/'Entree FV1'!P5*100 -> 62.5
A26: =A16 -> 43571 | B26: =('Entree FV1'!I6-SFV1c!I6)/'Entree FV1'!I6*100 -> 79.899497 | C26: =('Entree FV1'!J6-SFV1c!J6)/'Entree FV1'!J6*100 -> 81.140351 | D26: =('Entree FV1'!K6-SFV1c!K6)/'Entree FV1'!K6*100 -> 75 | E26: 18.3 | F26: =('Entree FV1'!M6-SFV1c!M6)/'Entree FV1'!M6*100 -> -36.338028 | G26: =('Entree FV1'!N6-SFV1c!N6)/'Entree FV1'!N6*100 -> 15.517241 | H26: =('Entree FV1'!O6-SFV1c!O6)/'Entree FV1'!O6*100 -> 85 | I26: =('Entree FV1'!P6-SFV1c!P6)/'Entree FV1'!P6*100 -> -14.634146
A27: =A17 -> 43578 | B27: =('Entree FV1'!I7-SFV1c!I7)/'Entree FV1'!I7*100 -> 90.100503 | C27: =('Entree FV1'!J7-SFV1c!J7)/'Entree FV1'!J7*100 -> 86.092715 | D27: =('Entree FV1'!K7-SFV1c!K7)/'Entree FV1'!K7*100 -> 85.666667 | F27: =('Entree FV1'!M7-SFV1c!M7)/'Entree FV1'!M7*100 -> 91.660517 | G27: =('Entree FV1'!N7-SFV1c!N7)/'Entree FV1'!N7*100 -> -3.5087719 | H27: =('Entree FV1'!O7-SFV1c!O7)/'Entree FV1'!O7*100 -> 92.222222 | I27: =('Entree FV1'!P7-SFV1c!P7)/'Entree FV1'!P7*100 -> -37.931034
A28: =A18 -> 43586 | B28: =('Entree FV1'!I8-SFV1c!I8)/'Entree FV1'!I8*100 -> 92.662942 | C28: =('Entree FV1'!J8-SFV1c!J8)/'Entree FV1'!J8*100 -> 86.470588 | D28: =('Entree FV1'!K8-SFV1c!K8)/'Entree FV1'!K8*100 -> 88.52459 | F28: =('Entree FV1'!M8-SFV1c!M8)/'Entree FV1'!M8*100 -> 60.512522 | G28: =('Entree FV1'!N8-SFV1c!N8)/'Entree FV1'!N8*100 -> -20 | H28: =('Entree FV1'!O8-SFV1c!O8)/'Entree FV1'!O8*100 -> 26.666667 | I28: =('Entree FV1'!P8-SFV1c!P8)/'Entree FV1'!P8*100 -> 21.078431
A29: =A19 -> 43598
A30: =A20 -> 43608
A31: =A21 -> 43612
A32: =A22 -> 43633

Sheet % él FV2
A1: Pourcentage d'élimination FV2
A4: SFV2a | B4: DBO5 (mg/L) | C4: DCO (mg/L) | D4: MeS (mg/L) | E4: MVS (%) | F4: Nitrates (mgNO3-/l) | G4: Ammonium (mgNH4-/l) | H4: Azot total (mgN/l) | I4: Phosphates (mgPO4-/l)
A5: 43564 | B5: =('Entréé FV2'!I5-SFV2a!I5)/'Entréé FV2'!I5*100 -> 98.035547 | C5: =('Entréé FV2'!J5-SFV2a!J5)/'Entréé FV2'!J5*100 -> 62.761506 | D5: =('Entréé FV2'!K5-SFV2a!K5)/'Entréé FV2'!K5*100 -> 90.366972 | F5: =('Entréé FV2'!M5-SFV2a!M5)/'Entréé FV2'!M5*100 -> 89.5 | G5: =('Entréé FV2'!N5-SFV2a!N5)/'Entréé FV2'!N5*100 -> 98.93985 | H5: =('Entréé FV2'!O5-SFV2a!O5)/'Entréé FV2'!O5*100 -> 78.26087 | I5: =('Entréé FV2'!P5-SFV2a!P5)/'Entréé FV2'!P5*100 -> 97.783251
A6: 43571 | B6: =('Entréé FV2'!I6-SFV2a!I6)/'Entréé FV2'!I6*100 -> 98.777212 | C6: =('Entréé FV2'!J6-SFV2a!J6)/'Entréé FV2'!J6*100 -> 42.687747 | D6: =('Entréé FV2'!K6-SFV2a!K6)/'Entréé FV2'!K6*100 -> 74.647887 | E6: 37.3 | F6: =('Entréé FV2'!M6-SFV2a!M6)/'Entréé FV2'!M6*100 -> 52.716298 | G6: =('Entréé FV2'!N6-SFV2a!N6)/'Entréé FV2'!N6*100 -> 85.688073 | H6: =('Entréé FV2'!O6-SFV2a!O6)/'Entréé FV2'!O6*100 -> 67.1875 | I6: =('Entréé FV2'!P6-SFV2a!P6)/'Entréé FV2'!P6*100 -> 84.91018
A7: 43578 | B7: =('Entréé FV2'!I7-SFV2a!I7)/'Entréé FV2'!I7*100 -> 99.60509 | C7: =('Entréé FV2'!J7-SFV2a!J7)/'Entréé FV2'!J7*100 -> 55.662983 | D7: =('Entréé FV2'!K7-SFV2a!K7)/'Entréé FV2'!K7*100 -> 73.076923 | F7: =('Entréé FV2'!M7-SFV2a!M7)/'Entréé FV2'!M7*100 -> -17.270531 | G7: =('Entréé FV2'!N7-SFV2a!N7)/'Entréé FV2'!N7*100 -> 85.25 | H7: =('Entréé FV2'!O7-SFV2a!O7)/'Entréé FV2'!O7*100 -> 2.2222222 | I7: =('Entréé FV2'!P7-SFV2a!P7)/'Entréé FV2'!P7*100 -> 81.970443
A8: 43586 | C8: =('Entréé FV2'!J8-SFV2a!J8)/'Entréé FV2'!J8*100 -> 56.150507 | D8: =('Entréé FV2'!K8-SFV2a!K8)/'Entréé FV2'!K8*100 -> 87.05036 | F8: =('Entréé FV2'!M8-SFV2a!M8)/'Entréé FV2'!M8*100 -> 70.058997 | G8: =('Entréé FV2'!N8-SFV2a!N8)/'Entréé FV2'!N8*100 -> 86.363636 | H8: =('Entréé FV2'!O8-SFV2a!O8)/'Entréé FV2'!O8*100 -> 2 | I8: =('Entréé FV2'!P8-SFV2a!P8)/'Entréé FV2'!P8*100 -> 25.298805
A9: 43598
A10: 43608
A11: 43612
A12: 43633
A15: SFV2b | B15: DBO5 (mg/L) | C15: DCO (mg/L) | D15: MeS (mg/L) | E15: MVS (%) | F15: Nitrates (mgNO3-/l) | G15: Ammonium (mgNH4-/l) | H15: Azot total (mgN/l) | I15: Phosphates (mgPO4-/l)
A16: 43564 | B16: =('Entréé FV2'!I5-SFV2b!I5)/'Entréé FV2'!I5*100 -> 93.264733 | C16: =('Entréé FV2'!J5-SFV2b!J5)/'Entréé FV2'!J5*100 -> 67.364017 | D16: =('Entréé FV2'!K5-SFV2b!K5)/'Entréé FV2'!K5*100 -> 84.862385 | F16: =('Entréé FV2'!M5-SFV2b!M5)/'Entréé FV2'!M5*100 -> 85.75 | G16: =('Entréé FV2'!N5-SFV2b!N5)/'Entréé FV2'!N5*100 -> 99.548872 | H16: =('Entréé FV2'!O5-SFV2b!O5)/'Entréé FV2'!O5*100 -> 86.956522 | I16: =('Entréé FV2'!P5-SFV2b!P5)/'Entréé FV2'!P5*100 -> 96.512315
A17: 43571 | B17: =('Entréé FV2'!I6-SFV2b!I6)/'Entréé FV2'!I6*100 -> 98.443724 | C17: =('Entréé FV2'!J6-SFV2b!J6)/'Entréé FV2'!J6*100 -> 77.470356 | D17: =('Entréé FV2'!K6-SFV2b!K6)/'Entréé FV2'!K6*100 -> 74.647887 | E17: 44.1 | F17: =('Entréé FV2'!M6-SFV2b!M6)/'Entréé FV2'!M6*100 -> 43.661972 | G17: =('Entréé FV2'!N6-SFV2b!N6)/'Entréé FV2'!N6*100 -> 93.944954 | H17: =('Entréé FV2'!O6-SFV2b!O6)/'Entréé FV2'!O6*100 -> 65.78125 | I17: =('Entréé FV2'!P6-SFV2b!P6)/'Entréé FV2'!P6*100 -> 80.419162
A18: 43578 | B18: =('Entréé FV2'!I7-SFV2b!I7)/'Entréé FV2'!I7*100 -> 98.946907 | C18: =('Entréé FV2'!J7-SFV2b!J7)/'Entréé FV2'!J7*100 -> 61.878453 | D18: =('Entréé FV2'!K7-SFV2b!K7)/'Entréé FV2'!K7*100 -> 76.923077 | F18: =('Entréé FV2'!M7-SFV2b!M7)/'Entréé FV2'!M7*100 -> -28.26087 | G18: =('Entréé FV2'!N7-SFV2b!N7)/'Entréé FV2'!N7*100 -> 94.5 | H18: =('Entréé FV2'!O7-SFV2b!O7)/'Entréé FV2'!O7*100 -> 20 | I18: =('Entréé FV2'!P7-SFV2b!P7)/'Entréé FV2'!P7*100 -> 80.344828
A19: 43586 | B19: =('Entréé FV2'!I8-SFV2b!I8)/'Entréé FV2'!I8*100 -> 98.299845 | C19: =('Entréé FV2'!J8-SFV2b!J8)/'Entréé FV2'!J8*100 -> 40.955137 | D19: =('Entréé FV2'!K8-SFV2b!K8)/'Entréé FV2'!K8*100 -> 56.834532 | F19: =('Entréé FV2'!M8-SFV2b!M8)/'Entréé FV2'!M8*100 -> -43.215339 | G19: =('Entréé FV2'!N8-SFV2b!N8)/'Entréé FV2'!N8*100 -> 94.545455 | H19: =('Entréé FV2'!O8-SFV2b!O8)/'Entréé FV2'!O8*100 -> 27 | I19: =('Entréé FV2'!P8-SFV2b!P8)/'Entréé FV2'!P8*100 -> 16.334661
A20: 43598
A21: 43608
A22: 43612
A23: 43633

Sheet % él de la station
A1: Pourcentage d'élimination des FH: performance de la station
A4: SFHa | B4: DBO5 (mg/L) | C4: DCO (mg/L) | D4: MeS (mg/L) | E4: MVS (%) | F4: Nitrates (mgNO3-/l) | G4: Ammonium (mgNH4-/l) | H4: Azot total (mgN/l) | I4: Phosphates (mgPO4-/l)
A5: 43564 | B5: =('Entree 1'!I5-SFHa!I5)/'Entree 1'!I5*100 -> 99.408696 | C5: =('Entree 1'!J5-SFHa!J5)/'Entree 1'!J5*100 -> 90.740741 | D5: =('Entree 1'!K5-SFHa!K5)/'Entree 1'!K5*100 -> 92.342342 | F5: =('Entree 1'!M5-SFHa!M5)/'Entree 1'!M5*100 -> 68.912937 | G5: =('Entree 1'!N5-SFHa!N5)/'Entree 1'!N5*100 -> 84.615385 | H5: =('Entree 1'!O5-SFHa!O5)/'Entree 1'!O5*100 -> 60 | I5: =('Entree 1'!P5-SFHa!P5)/'Entree 1'!P5*100 -> 95.348837
A6: 43571 | B6: =('Entree 1'!I6-SFHa!I6)/'Entree 1'!I6*100 -> 99.051491 | C6: =('Entree 1'!J6-SFHa!J6)/'Entree 1'!J6*100 -> 94.014085 | D6: =('Entree 1'!K6-SFHa!K6)/'Entree 1'!K6*100 -> 76.470588 | E6: 29.8 | F6: =('Entree 1'!M6-SFHa!M6)/'Entree 1'!M6*100 -> 51.106739 | G6: =('Entree 1'!N6-SFHa!N6)/'Entree 1'!N6*100 -> 87.962963 | H6: =('Entree 1'!O6-SFHa!O6)/'Entree 1'!O6*100 -> 80.666667 | I6: =('Entree 1'!P6-SFHa!P6)/'Entree 1'!P6*100 -> 90.714286
A7: 43578 | B7: =(2000-SFHa!I7)/2000*100 -> 99.985 | C7: =('Entree 1'!J7-SFHa!J7)/'Entree 1'!J7*100 -> 96.68 | D7: =('Entree 1'!K7-SFHa!K7)/'Entree 1'!K7*100 -> 97.429306 | F7: =('Entree 1'!M7-SFHa!M7)/'Entree 1'!M7*100 -> 82.862563 | G7: =('Entree 1'!N7-SFHa!N7)/'Entree 1'!N7*100 -> 87.553648 | H7: =('Entree 1'!O7-SFHa!O7)/'Entree 1'!O7*100 -> 94.166667 | I7: =('Entree 1'!P7-SFHa!P7)/'Entree 1'!P7*100 -> 96.428571
A8: 43586 | B8: =('Entree 1'!I8-SFHa!I8)/'Entree 1'!I8*100 -> 99.560907 | C8: =('Entree 1'!J8-SFHa!J8)/'Entree 1'!J8*100 -> 90.150376 | D8: =('Entree 1'!K8-SFHa!K8)/'Entree 1'!K8*100 -> 97.865854 | F8: =('Entree 1'!M8-SFHa!M8)/'Entree 1'!M8*100 -> 24.288425 | G8: =('Entree 1'!N8-SFHa!N8)/'Entree 1'!N8*100 -> 85 | H8: =('Entree 1'!O8-SFHa!O8)/'Entree 1'!O8*100 -> 42.307692 | I8: =('Entree 1'!P8-SFHa!P8)/'Entree 1'!P8*100 -> 26.356589
A9: 43598
A10: 43608
A11: 43612
A12: 43633
A15: SFHb | B15: DBO5 (mg/L) | C15: DCO (mg/L) | D15: MeS (mg/L) | E15: MVS (%) | F15: Nitrates (mgNO3-/l) | G15: Ammonium (mgNH4-/l) | H15: Azot total (mgN/l) | I15: Phosphates (mgPO4-/l)
A16: 43564
A17: 43571
A18: 43578
A19: 43586
A20: 43598
A21: 43608
A22: 43612
A23: 43633
